x_ref,y_ref,z_ref,x_mov,y_mov,z_mov
0,0,0,1.0,2.0,3.0
1,0,0,1.70710678,2.70710678,3.0
0,1,0,0.29289322,2.70710678,3.0
0,0,1,1.0,2.0,4.0
1,1,1,1.0,3.41421356,4.0